<?xml version="1.0" encoding="UTF-8"?>
<!-- Produced by Beyond Compare 4 from Scooter Software -->
<BCState Version="1" MinVersion="1">
	<TBcState>
		<FirstStartup Value="False"/>
		<FormPositions>
			<TViewFrame Value="78;78;1708;807"/>
		</FormPositions>
	</TBcState>
	<TCheckForUpdatesState>
		<Build Value="28397"/>
		<LastChecked Value="2023-10-21 09:37:39"/>
		<MsgBody Value="Beyond Compare is not affected by the Log4J vulnerability. Our IT systems are also secured against it."/>
		<MsgDate Value="2021-12-31 00:00:00"/>
		<MsgTitle Value="LOG4J"/>
	</TCheckForUpdatesState>
</BCState>
